{
  "2": {
    "age": 2,
    "countNum": 16772,
    "recoveryRate": 69.54805628428332,
    "score": 53.12584487709087
  },
  "3": {
    "age": 3,
    "countNum": 41354,
    "recoveryRate": 71.62209217971662,
    "score": 54.402745917856166
  },
  "4": {
    "age": 4,
    "countNum": 18031,
    "recoveryRate": 78.52088070545165,
    "score": 58.65005439883616
  },
  "5": {
    "age": 5,
    "countNum": 12567,
    "recoveryRate": 82.93705737248355,
    "score": 61.368917941532175
  },
  "6": {
    "age": 6,
    "countNum": 6403,
    "recoveryRate": 71.74761830391999,
    "score": 54.48002733761918
  },
  "7": {
    "age": 7,
    "countNum": 2717,
    "recoveryRate": 65.78579315421416,
    "score": 50.80956977452588
  },
  "8": {
    "age": 8,
    "countNum": 976,
    "recoveryRate": 34.784836065573764,
    "score": 31.723519017947535
  },
  "9": {
    "age": 9,
    "countNum": 256,
    "recoveryRate": 40.8203125,
    "score": 35.43932073459201
  }
}