{
  "1": {
    "sex": 1,
    "countNum": 3582,
    "recoveryRate": 92.78615298715798,
    "score": 63.53548833653426
  },
  "2": {
    "sex": 2,
    "countNum": 38116,
    "recoveryRate": 68.19655787595758,
    "score": 39.68360586045383
  },
  "3": {
    "sex": 3,
    "countNum": 57444,
    "recoveryRate": 75.5133695425111,
    "score": 46.7809058030119
  }
}